{
  "simple.md": {
    "md2pdf (native)": {
      "cold_time": 0.236152250028681,
      "warm_runs": [
        0.039835959032643586,
        0.019138208008371294,
        0.019263166992459446,
        0.018516290991101414,
        0.01877008401788771
      ],
      "median": 0.019138208008371294,
      "mean": 0.02310474180849269,
      "min": 0.018516290991101414,
      "max": 0.039835959032643586,
      "std_dev": 0.009357722163027724,
      "status": "Success"
    },
    "Pandoc (pdflatex)": {
      "cold_time": 1.0006767910090275,
      "warm_runs": [
        0.7678712500492111,
        0.725702291005291,
        0.735321624961216,
        0.7403627500170842,
        0.7372035420266911
      ],
      "median": 0.7372035420266911,
      "mean": 0.7412922916118987,
      "min": 0.725702291005291,
      "max": 0.7678712500492111,
      "std_dev": 0.015832876645819973,
      "status": "Success"
    },
    "Pandoc (xelatex)": {
      "cold_time": 1.5217527499771677,
      "warm_runs": [
        1.4279593750252388,
        1.408165041997563,
        1.4399778330116533,
        1.422302708029747,
        1.4785518330172636
      ],
      "median": 1.4279593750252388,
      "mean": 1.4353913582162932,
      "min": 1.408165041997563,
      "max": 1.4785518330172636,
      "std_dev": 0.02670057007253706,
      "status": "Success"
    },
    "Pandoc (weasyprint)": {
      "cold_time": 0.6235465420177206,
      "warm_runs": [
        0.33563687501009554,
        0.33905129198683426,
        0.3439645830076188,
        0.34151379199465737,
        0.3437101250165142
      ],
      "median": 0.34151379199465737,
      "mean": 0.34077533340314403,
      "min": 0.33563687501009554,
      "max": 0.3439645830076188,
      "std_dev": 0.003489473792965499,
      "status": "Success"
    },
    "Playwright (Chromium)": {
      "cold_time": 0.4757764170062728,
      "warm_runs": [
        0.04789566696854308,
        0.041731166013050824,
        0.039149791991803795,
        0.038338417012710124,
        0.03853625000920147
      ],
      "median": 0.039149791991803795,
      "mean": 0.041130258399061856,
      "min": 0.038338417012710124,
      "max": 0.04789566696854308,
      "std_dev": 0.004018001621330249,
      "status": "Success"
    }
  },
  "medium.md": {
    "md2pdf (native)": {
      "cold_time": 0.6989728749613278,
      "warm_runs": [
        0.16928133403416723,
        0.07837029197253287,
        0.06373958301264793,
        0.06500141700962558,
        0.06474879203597084
      ],
      "median": 0.06500141700962558,
      "mean": 0.08822828361298889,
      "min": 0.06373958301264793,
      "max": 0.16928133403416723,
      "std_dev": 0.045708990624876565,
      "status": "Success"
    },
    "Pandoc (pdflatex)": {
      "cold_time": 0.8464143749442883,
      "warm_runs": [
        0.897827458975371,
        0.8135637500090525,
        0.9102148749516346,
        0.8107966660172679,
        0.8362905000103638
      ],
      "median": 0.8362905000103638,
      "mean": 0.853738649992738,
      "min": 0.8107966660172679,
      "max": 0.9102148749516346,
      "std_dev": 0.04715893758708705,
      "status": "Success"
    },
    "Pandoc (xelatex)": {
      "cold_time": 1.5017302079941146,
      "warm_runs": [
        1.5008886670111679,
        1.5405732079525478,
        1.5103294169530272,
        1.4884754999657162,
        1.4866020000190474
      ],
      "median": 1.5008886670111679,
      "mean": 1.5053737583803013,
      "min": 1.4866020000190474,
      "max": 1.5405732079525478,
      "std_dev": 0.021918062734234956,
      "status": "Success"
    },
    "Pandoc (weasyprint)": {
      "cold_time": 0.4712160419439897,
      "warm_runs": [
        0.46205899998312816,
        0.4676280419807881,
        0.46087637497112155,
        0.464722000004258,
        0.46179625001968816
      ],
      "median": 0.46205899998312816,
      "mean": 0.4634163333917968,
      "min": 0.46087637497112155,
      "max": 0.4676280419807881,
      "std_dev": 0.002755071116827529,
      "status": "Success"
    },
    "Playwright (Chromium)": {
      "cold_time": 0.38784891698742285,
      "warm_runs": [
        0.050340249959845096,
        0.043552375049330294,
        0.041723875037860125,
        0.04287237499374896,
        0.0420905840001069
      ],
      "median": 0.04287237499374896,
      "mean": 0.04411589180817828,
      "min": 0.041723875037860125,
      "max": 0.050340249959845096,
      "std_dev": 0.0035507089275386367,
      "status": "Success"
    }
  },
  "large.md": {
    "md2pdf (native)": {
      "cold_time": 0.29664637497626245,
      "warm_runs": [
        0.07343570899683982,
        0.07158375001745299,
        0.06983445800142363,
        0.070089208020363,
        0.06973599997581914
      ],
      "median": 0.070089208020363,
      "mean": 0.07093582500237972,
      "min": 0.06973599997581914,
      "max": 0.07343570899683982,
      "std_dev": 0.0015841856338755483,
      "status": "Success"
    },
    "Pandoc (pdflatex)": {
      "cold_time": 0.8165635829791427,
      "warm_runs": [
        0.8260937500162981,
        0.8239864999777637,
        0.8441604999825358,
        0.8304525829735212,
        0.8788557500229217
      ],
      "median": 0.8304525829735212,
      "mean": 0.8407098165946081,
      "min": 0.8239864999777637,
      "max": 0.8788557500229217,
      "std_dev": 0.02272404571927841,
      "status": "Success"
    },
    "Pandoc (xelatex)": {
      "cold_time": 1.4976029579993337,
      "warm_runs": [
        1.4979097080067731,
        1.4994376670219935,
        1.5126031669788063,
        1.555061457969714,
        1.5331016250420362
      ],
      "median": 1.5126031669788063,
      "mean": 1.5196227250038645,
      "min": 1.4979097080067731,
      "max": 1.555061457969714,
      "std_dev": 0.024319490168270588,
      "status": "Success"
    },
    "Pandoc (weasyprint)": {
      "cold_time": 0.5286998340161517,
      "warm_runs": [
        0.5244845830020495,
        0.511305041029118,
        0.5298327500349842,
        0.5179006670368835,
        0.5091596250422299
      ],
      "median": 0.5179006670368835,
      "mean": 0.518536533229053,
      "min": 0.5091596250422299,
      "max": 0.5298327500349842,
      "std_dev": 0.008712190060840343,
      "status": "Success"
    },
    "Playwright (Chromium)": {
      "cold_time": 0.39543745800619945,
      "warm_runs": [
        0.055147709033917636,
        0.047147000033874065,
        0.047570208029355854,
        0.04584799997974187,
        0.04487066698493436
      ],
      "median": 0.047147000033874065,
      "mean": 0.048116716812364756,
      "min": 0.04487066698493436,
      "max": 0.055147709033917636,
      "std_dev": 0.004073014536210147,
      "status": "Success"
    }
  }
}
