{
  "simple.md": {
    "md2pdf (native)": {
      "cold_time": 0.2531572080333717,
      "warm_runs": [
        0.035171707975678146,
        0.013835666992235929,
        0.014533040986862034,
        0.014264750003349036,
        0.013192874961532652
      ],
      "median": 0.014264750003349036,
      "mean": 0.01819960818393156,
      "min": 0.013192874961532652,
      "max": 0.035171707975678146,
      "std_dev": 0.009501188814271859,
      "status": "Success"
    },
    "Pandoc (pdflatex)": {
      "cold_time": 0.7609147090115584,
      "warm_runs": [
        0.8033724999986589,
        0.7838438330218196,
        0.7671977080171928,
        0.7997632499900647,
        0.7652105829911307
      ],
      "median": 0.7838438330218196,
      "mean": 0.7838775748037733,
      "min": 0.7652105829911307,
      "max": 0.8033724999986589,
      "std_dev": 0.017741775998598105,
      "status": "Success"
    },
    "Pandoc (xelatex)": {
      "cold_time": 1.4801017079735175,
      "warm_runs": [
        1.487461999990046,
        1.535136499966029,
        1.5149885829887353,
        1.4979544999659993,
        1.4771377500146627
      ],
      "median": 1.4979544999659993,
      "mean": 1.5025358665850945,
      "min": 1.4771377500146627,
      "max": 1.535136499966029,
      "std_dev": 0.022973605192789882,
      "status": "Success"
    },
    "Pandoc (weasyprint)": {
      "cold_time": 0.3620601249858737,
      "warm_runs": [
        0.36945754202315584,
        0.370095708000008,
        0.3631194999907166,
        0.36296137497993186,
        0.4018142090062611
      ],
      "median": 0.36945754202315584,
      "mean": 0.37348966680001466,
      "min": 0.36296137497993186,
      "max": 0.4018142090062611,
      "std_dev": 0.016189826790667234,
      "status": "Success"
    },
    "Playwright (Chromium)": {
      "cold_time": 0.3873359999852255,
      "warm_runs": [
        0.04821904195705429,
        0.04411120800068602,
        0.040548000019043684,
        0.03997862502001226,
        0.04011399997398257
      ],
      "median": 0.040548000019043684,
      "mean": 0.04259417499415576,
      "min": 0.03997862502001226,
      "max": 0.04821904195705429,
      "std_dev": 0.0035749027721015568,
      "status": "Success"
    }
  },
  "medium.md": {
    "md2pdf (native)": {
      "cold_time": 0.472376458987128,
      "warm_runs": [
        0.1535354579682462,
        0.0449371249997057,
        0.05758683296153322,
        0.043767041992396116,
        0.04613358300412074
      ],
      "median": 0.04613358300412074,
      "mean": 0.0691920081852004,
      "min": 0.043767041992396116,
      "max": 0.1535354579682462,
      "std_dev": 0.047473457977473765,
      "status": "Success"
    },
    "Pandoc (pdflatex)": {
      "cold_time": 0.8377247919561341,
      "warm_runs": [
        0.8361427079653367,
        0.827953708008863,
        0.8503316659480333,
        0.8496164579992183,
        0.8419529169914313
      ],
      "median": 0.8419529169914313,
      "mean": 0.8411994913825765,
      "min": 0.827953708008863,
      "max": 0.8503316659480333,
      "std_dev": 0.009431747255677653,
      "status": "Success"
    },
    "Pandoc (xelatex)": {
      "cold_time": 1.5972989170113578,
      "warm_runs": [
        1.5422213330166414,
        1.562705249991268,
        1.5374489999958314,
        1.530836416000966,
        1.5244928339961916
      ],
      "median": 1.5374489999958314,
      "mean": 1.5395409666001796,
      "min": 1.5244928339961916,
      "max": 1.562705249991268,
      "std_dev": 0.014580468180277435,
      "status": "Success"
    },
    "Pandoc (weasyprint)": {
      "cold_time": 0.4824343750369735,
      "warm_runs": [
        0.47559220902621746,
        0.47242350003216416,
        0.4753839169861749,
        0.4855812499881722,
        0.5112266250071116
      ],
      "median": 0.47559220902621746,
      "mean": 0.48404150020796805,
      "min": 0.47242350003216416,
      "max": 0.5112266250071116,
      "std_dev": 0.015990028428147878,
      "status": "Success"
    },
    "Playwright (Chromium)": {
      "cold_time": 0.41093454096699134,
      "warm_runs": [
        0.05222249997314066,
        0.04507795796962455,
        0.043535292032174766,
        0.04306491703027859,
        0.043774499965365976
      ],
      "median": 0.043774499965365976,
      "mean": 0.04553503339411691,
      "min": 0.04306491703027859,
      "max": 0.05222249997314066,
      "std_dev": 0.003812185905374632,
      "status": "Success"
    }
  },
  "large.md": {
    "md2pdf (native)": {
      "cold_time": 0.2816025000065565,
      "warm_runs": [
        0.05300608300603926,
        0.05040754203218967,
        0.04944341699592769,
        0.0497125830152072,
        0.04906049999408424
      ],
      "median": 0.0497125830152072,
      "mean": 0.050326025008689615,
      "min": 0.04906049999408424,
      "max": 0.05300608300603926,
      "std_dev": 0.0015768812130618206,
      "status": "Success"
    },
    "Pandoc (pdflatex)": {
      "cold_time": 0.868445249972865,
      "warm_runs": [
        0.8424020419479348,
        0.8622081669745967,
        0.8465459170402028,
        0.82886604196392,
        0.8334912080317736
      ],
      "median": 0.8424020419479348,
      "mean": 0.8427026751916855,
      "min": 0.82886604196392,
      "max": 0.8622081669745967,
      "std_dev": 0.012957899562279553,
      "status": "Success"
    },
    "Pandoc (xelatex)": {
      "cold_time": 1.518757292011287,
      "warm_runs": [
        1.5222235419787467,
        1.5333453749772161,
        1.5272405000287108,
        1.5293411249876954,
        1.56321662501432
      ],
      "median": 1.5293411249876954,
      "mean": 1.5350734333973377,
      "min": 1.5222235419787467,
      "max": 1.56321662501432,
      "std_dev": 0.016235449906175387,
      "status": "Success"
    },
    "Pandoc (weasyprint)": {
      "cold_time": 0.5279919170425273,
      "warm_runs": [
        0.525076000019908,
        0.5643297500209883,
        0.5399246669840068,
        0.52225208299933,
        0.5320800829795189
      ],
      "median": 0.5320800829795189,
      "mean": 0.5367325166007504,
      "min": 0.52225208299933,
      "max": 0.5643297500209883,
      "std_dev": 0.016874534002491618,
      "status": "Success"
    },
    "Playwright (Chromium)": {
      "cold_time": 0.4047561659826897,
      "warm_runs": [
        0.059838415996637195,
        0.0494377919822,
        0.04823608399601653,
        0.047804915986489505,
        0.045962249976582825
      ],
      "median": 0.04823608399601653,
      "mean": 0.050255891587585214,
      "min": 0.045962249976582825,
      "max": 0.059838415996637195,
      "std_dev": 0.005500370973904047,
      "status": "Success"
    }
  }
}
